model,K,num_users,num_items,num_latent_factors,num_threads,num_bins,batch_size,num_clusters,sample_percentage,num_iters,parse_time,cluster_time,index_time,algo_time,comp_time,user_sample_ratio,blocked_mm_sample_time,simdex_sample_time,simdex_wins
lemp-paper-KDD-50,1,1000990,624961,51,1,1,4096,8,10,3,51.723,0.62792,0.444151,27.0785,28.1506,0.005,0.00541133,0,1
lemp-paper-KDD-50,1,1000990,624961,51,1,1,4096,8,10,3,51.5504,0.632149,0.43077,0.479631,1.54255,0.0001,0.00479143,0,1
lemp-paper-KDD-50,1,1000990,624961,51,1,1,4096,8,10,3,45.4055,0.633985,0.439985,38.5752,39.6492,0.01,0.00385403,0,1
lemp-paper-KDD-50,1,1000990,624961,51,1,1,4096,8,10,3,45.595,0.636034,0.436384,3.90039,4.97281,0.001,0.00390023,0,1
lemp-paper-KDD-50,1,1000990,624961,51,1,1,4096,8,10,3,45.6832,0.626599,0.434365,2.04445,3.10541,0.0005,0.00408858,0,1
lemp-paper-KDD-50,1,1000990,624961,51,1,1,4096,8,10,3,45.6833,0.637439,0.435141,11.9972,13.0698,0,0.0047816,0,1
