model,K,num_latent_factors,num_threads,num_bins,batch_size,num_clusters,sample_percentage,num_iters,parse_time,cluster_time,index_time,algo_time,comp_time
lemp-paper-KDD-50,1,51,1,1,4096,1,10,3,61.1233,1.46839,13.7439,28001.9,28017.2
lemp-paper-KDD-50,1,51,1,1,4096,8,10,3,64.5098,1.74007,14.5378,5295.48,5311.75
lemp-paper-KDD-50,10,51,1,1,4096,1,10,3,60.4269,1.52394,13.667,49171.3,49186.4
lemp-paper-KDD-50,10,51,1,1,4096,8,10,3,63.4642,1.74106,15.2418,10143.3,10160.3
lemp-paper-KDD-50,5,51,1,1,4096,1,10,3,60.0942,1.45693,13.8024,36432.8,36448.1
lemp-paper-KDD-50,5,51,1,1,4096,8,10,3,64.5493,1.70902,14.6238,8356.78,8373.12
lemp-paper-KDD-50,50,51,1,1,4096,1,10,3,60.2466,1.46764,13.5673,61646.5,61661.5
lemp-paper-KDD-50,50,51,1,1,4096,8,10,3,62.6173,1.8502,14.5137,14560.8,14577.1
