model,num_threads,num_items,num_users,num_latent_factors,K,dummy_1,dummy_2,dummy_3,preproc_time,index_time,retrieval_time,comp_time
r2-lemp-timing/ramdisk-r2-10,1,136736,1823179,10,1,0,1823179,68441235148,0.232765,0.943051,816.521,817.697
r2-lemp-timing/ramdisk-r2-10,1,136736,1823179,10,5,0,9115895,85084440823,0.263214,1.12044,893.633,895.016
r2-lemp-timing/ramdisk-r2-10,1,136736,1823179,10,10,0,18231790,90335945690,0.307903,1.29272,973.631,975.232
r2-lemp-timing/ramdisk-r2-10,1,136736,1823179,10,50,0,91158950,110407805993,0.65732,1.5856,1163.05,1165.29
